{"lags":[0,1,2,3,4,5,6,7,8,9,10,11,12,13,14,15,16,17,18,19,20,21,22,23,24,25,26,27,28,29,30,31,32,33,34,35,36,37,38,39,40,41,42,43,44,45,46,47,48,49,50],"acf":{"1m":{"returns":[0.9999999999999999,-0.004801868861960709,0.002426493925623953,-0.011462301642081599,-0.004184861756874914,-0.004777768341184909,-0.0009375816374920131,-0.0026767490013794755,-0.006892991042212018,-0.0037981669793079537,0.007972804441450283,0.0026224655632691657,0.002635593332833675,-0.012350960611067765,-0.004396229579376092,0.0034506569646169795,-0.006472357812287147,0.004534670547026854,0.004428097849645732,4.382776057611817e-05,0.013092472242583296,-0.00044179115161452283,-0.0018290210325068758,-0.01079784526123897,-0.004368280788006088,0.006373696793103309,-0.0009341745252881857,0.0015967231117563314,-0.004712695393354522,-0.0007878464223081427,0.00030826639378617583,0.0012685105873248331,-0.0033857377688585274,0.00048695621021855955,-0.0009546177418540545,0.0036421551530820464,-0.003282240690378849,0.0038549979884643765,-0.002946293571836091,-0.0018329992382028115,0.004483102617264008,-0.0055520468190330945,-0.006684142674674918,0.0028223518097954237,-0.002795369507482484,0.00590732612042106,-0.007837752298200235,-0.0048983391856085405,-0.0025138975863843367,-0.0009171651603929155,0.0052952067288191285],"abs_returns":[1.0,0.38545900593113613,0.3585933927357038,0.3506559192187817,0.34499640806575815,0.34569757137867246,0.33313668333594704,0.32275418873241374,0.3216120707058725,0.31753911964585885,0.3190745132154353,0.31630881654562365,0.3097122265556572,0.30730888615170837,0.30758226408710143,0.31289767767050264,0.3020795390870559,0.30214300172237785,0.2946090335787593,0.2935210706940521,0.2957236920662001,0.2914207589657209,0.2883796768182017,0.2906900672970192,0.2896917660796194,0.2896343815540112,0.2867370120275353,0.2815276411467816,0.2821882086770553,0.2842403177282228,0.2880826739336864,0.2808578383114261,0.27656003091938064,0.27370857012138056,0.2718908649600729,0.2738649060039592,0.2672843277955241,0.2618603748079632,0.26123460532039894,0.259901677346034,0.26972229732623376,0.25999724788233963,0.2581402754689807,0.2533122782272467,0.25539905803276475,0.26033162481679284,0.2585703170223572,0.2554547320980415,0.2540977495839943,0.25043120496148036,0.2512824900381173],"ci":0.003839154040231859},"5m":{"returns":[0.9999999999999999,-0.0062075403637376035,-0.010686213792323596,-0.002934016556446621,0.004347635383698103,-6.73286625270573e-05,-0.014966900194898639,0.0009606154935370021,-0.006292617062853944,0.0015087488004796304,-0.007528324820047141,-0.011104944335421788,0.015012589487659272,0.006890903120168292,-0.012869087222171522,-0.002343496869445461,-0.0029030277231166086,0.007792778672870388,0.01220628903361911,-0.004441310972642382,0.012042006137879133,0.008981518374104517,0.0031647900688640397,-0.004289449362366025,0.00326430125489037,0.010509226322266285,-0.00515466590252923,0.00011156003997583663,-0.012881577624336362,0.003622267604684214,-0.01258276800246814,-0.002348252727947598,0.009042492161342414,-0.017453890805121993,-0.007552505127412441,-0.005659699186853449,0.01417512682248287,0.0029735512183416387,-0.005267450236349818,-0.001887011096281496,0.003842606446203392,-0.013774599437246477,0.013802001154714026,-0.0014905858118181633,0.0006380385892135928,0.001972413063917956,-0.0006427867292356454,0.006802630719144036,-0.0007767389806152679,-0.0008449082215023495,0.0004253523934590471],"abs_returns":[1.0,0.3611320191789999,0.3395309382951858,0.3272337804522665,0.3037239943318618,0.2995749720865876,0.29645045121018393,0.28267102989189075,0.2670655375925604,0.2669710251744732,0.25680126016392874,0.2489202336730757,0.2560811392959219,0.25427377640914084,0.2417874729692045,0.24347900568725897,0.2429622861816205,0.23853433924829442,0.23593771503011313,0.222763264836589,0.2216538922772478,0.20833205221091922,0.20903630170428264,0.20635022815043874,0.21198865357323568,0.20774470218611224,0.2044284511069591,0.19970106158731113,0.19317227012634397,0.1844646912025175,0.18410353488382683,0.18657129062516029,0.1756458249037865,0.1839295726622246,0.17242160540480736,0.18007471778012138,0.18198017515406315,0.17528988097185036,0.17112534746760344,0.16858040508938588,0.1719668937344052,0.16283428961019006,0.16475474541356477,0.16578811862790804,0.15930328046713663,0.16344696364816003,0.15440223058377361,0.15085075769442388,0.16828490996693946,0.15432756241910764,0.15850372607904364],"ci":0.008584609410051399},"1h":{"returns":[1.0,-0.022120526145354057,0.008708611710323222,-0.031421135412041036,0.0279983120067428,0.006670127347471445,-0.010287044653712822,-0.015764841398491637,0.02139128918417396,-0.023519531379128322,0.02166119764291715,-0.017974479635374723,0.012926697510035135,-0.013921178521937107,-0.020633495055101304,-0.021797617754776465,-0.005247219037075536,0.016486501016621857,-0.0010292528460871377,-0.03613765776859978,0.005248685978296697,-0.013694927440665543,-0.10855658178684978,-0.007167891096709466,0.0032985744552477035,0.012664220689686825,-0.013357787318304512,0.004489858309620286,0.0014479765775418855,-0.012265691328739238,-0.0018013747832658026,0.010071775875955476,-0.011301601020938756,0.015660937360778997,0.010332553057236798,-0.003392911523496965,0.02078460411383505,0.005729635718295056,-0.00016428142687987892,0.0006932191273193506,-0.004239247880289671,0.025540140449040294,-0.012342198592888322,-0.014874555918679895,0.006275193167484148,0.0189008073368416,-9.924169370265204e-05,-0.003651208117365722,0.01387414941518971,0.024837908340092585,-0.0031512846212310088],"abs_returns":[0.9999999999999998,0.26524124190984055,0.20229574899109218,0.16503248829397157,0.19049200730540794,0.1490905483271295,0.13005234055870726,0.12220397787742752,0.10725775514268945,0.1364746009541658,0.11904730763894984,0.13544156940303267,0.11814564531053338,0.1105614691573486,0.13130594592695477,0.125350589117406,0.12724078327067806,0.10327236609236873,0.09920197309382811,0.10814008668026362,0.11641748134995852,0.08608639211934928,0.1510001543064582,0.14388956869539765,0.13841869941535348,0.11821117415180893,0.10582139499321548,0.10508161532037048,0.08923751690677863,0.06913198836568633,0.06937339676095507,0.060921898530593224,0.059446331570678024,0.042052979930629876,0.042518168449093716,0.04345553508554726,0.06659241531304255,0.029911523922268198,0.04266517206019822,0.059624943896470266,0.05263839626758199,0.04178268604294032,0.024939109910432928,0.0344570964622978,0.060340363234066836,0.06847837536675881,0.05479292405657732,0.08964994214608236,0.10124224259233408,0.10200490204839552,0.09329678395885724],"ci":0.029737959322685817}},"hurst":{"value":0.44066032442948544,"regime":"MEAN-REVERTING"}}