{"weekday_names":["Mon","Tue","Wed","Thu","Fri","Sat","Sun"],"hours":[0,1,2,3,4,5,6,7,8,9,10,11,12,13,14,15,16,17,18,19,20,21,22,23],"heatmaps":{"volume":[[1614.2886134615385,1257.396642,881.384998076923,983.8417642307693,1296.852854230769,601.7281434615385,485.1764684615385],[1545.8161796153847,1364.2662516,879.6427811538462,932.0231326923076,1301.5927676923077,555.0273338461539,529.0440215384616],[1436.9857484615386,968.5367436,737.9909892307692,989.4195084615385,1228.45894,465.3937034615385,476.727935],[1077.8089423076924,782.5942608,618.8039196153846,878.1701526923077,792.8087380769231,467.36031769230766,486.9371961538461],[1002.1638184615384,707.2113452000001,744.1874842307692,780.8137176923077,756.0247761538461,452.57741,415.5210303846154],[922.1374780769231,915.7627375999999,705.5701503846153,714.096915,715.4021623076923,353.51019769230766,396.74974423076924],[1621.2443331538461,787.0971924,676.8822153846154,676.3829553846153,759.5894680769231,451.61957384615386,382.87280269230763],[1548.3938388461538,1208.458344,823.7460603846155,703.7332734615385,1263.9282403846155,511.14645807692307,411.9944653846154],[1061.890958076923,991.08758,719.9725788461539,800.9639538461538,1130.887003076923,495.1362253846154,463.5557846153846],[1113.5780773076922,939.3915184000001,755.6941057692309,733.9550769230768,958.7249996153846,471.6748503846154,555.9938730769231],[1040.1294269230768,931.4497404,754.2206207692308,743.6318392307693,898.2386303846154,511.45015461538463,529.1276792307692],[1038.9237792307692,883.3404908,923.8924192307693,620.3551219230769,906.1602911538462,553.3171803846154,587.6097715384615],[1341.3528876923078,973.5504832,1022.4870003846154,931.1855453846154,1210.821341153846,519.7772526923077,605.7838438461538],[1648.2196980769231,1772.0724588,1999.648783846154,1422.4022242307692,1625.8426369230767,632.5652692307692,914.7403738461538],[3074.5660073076924,2419.3477924,2227.5156926923078,2151.9768723076922,2196.0049653846154,543.6181446153846,1017.2757615384616],[2249.7932565384613,2400.8134248,2001.7979434615386,2303.6730165384615,2276.856553461538,588.6551830769231,1073.726683846154],[1634.6658061538462,1636.481702,1316.3648669230768,1473.24889,1687.6949,517.8838530769231,1295.3174926923077],[1860.3131388461538,1301.6583216000001,1975.2393103846152,1250.0409057692307,1440.8683919230768,448.01838192307696,1156.0635280769231],[1423.721266153846,1127.2916392,1561.7658007692307,917.248738076923,1080.2386453846154,348.1125903846154,913.4732561538463],[1268.3026161538462,1386.0627532,1423.8630453846154,1029.0422065384614,963.4586746153847,355.38210076923076,675.6606003846153],[1067.4767353846155,1112.0445176,1541.2370057692306,1494.2505953846155,1037.222175769231,343.9726473076923,699.8968288461539],[910.6326384615385,1111.868152,911.5976807692308,883.8969484615385,700.5114792307693,427.0274657692308,738.5819957692308],[1010.7070338461539,843.8478656000001,842.8733630769232,622.4344719230769,498.0491015384615,362.9749153846154,1215.910403076923],[826.7883392307692,801.341676,834.4682875,569.3591242307692,467.930645,581.6662692307692,1486.3736711538463]],"log_return":[[9.019437233233372e-05,7.394061546327446e-05,5.724869431509556e-05,6.049017074281404e-05,6.682910650525619e-05,4.163835427484177e-05,3.599055311507751e-05],[8.67256308940285e-05,8.286677861394682e-05,5.705382074699414e-05,5.878288298726913e-05,6.961202043417104e-05,3.833203732407956e-05,3.619359586387658e-05],[7.733217272948304e-05,6.524660617720779e-05,5.297398550346714e-05,5.7130875920371015e-05,6.163265031639746e-05,3.4376968625004916e-05,3.533307441483668e-05],[5.823763906655644e-05,5.267072319507592e-05,4.433456188863702e-05,4.8922453875930306e-05,4.850660757683136e-05,3.40394244481338e-05,3.231080392413544e-05],[5.260823629636477e-05,4.813415768475618e-05,4.557494248715684e-05,4.602444378031381e-05,4.601137718851558e-05,3.1162490414044034e-05,2.9407985735381553e-05],[5.171145559239244e-05,5.2838398517162756e-05,3.995248418601615e-05,3.910153485077399e-05,4.243949012048137e-05,2.6264988358272545e-05,2.6035110391930112e-05],[6.552993099970494e-05,4.6085223122436065e-05,4.093751673104185e-05,4.025831922228392e-05,4.441451875436819e-05,2.9182863345430228e-05,2.6037837960517078e-05],[7.114255331395885e-05,5.3761110886508135e-05,4.617540842994923e-05,4.12354728047174e-05,4.939681428207859e-05,2.662870850007126e-05,2.644953784253312e-05],[5.898370869026873e-05,5.308687857294248e-05,4.587886882079455e-05,4.7487549760600414e-05,5.5571161650028304e-05,3.078687039615658e-05,3.060318433614012e-05],[6.330334222909315e-05,4.99093523322561e-05,4.425000218613652e-05,4.3434457153758294e-05,4.95682641326052e-05,3.116091992610359e-05,3.408956666164365e-05],[5.923036384283086e-05,4.955468912252953e-05,4.5317721643358975e-05,4.4998108387404275e-05,4.7696029099444126e-05,3.151601709305821e-05,3.274771538175443e-05],[5.487146981567872e-05,4.8642627525785146e-05,4.890081424486974e-05,4.2825809340673294e-05,4.928158117173856e-05,3.065968504316501e-05,3.701180041204058e-05],[7.298089820205696e-05,5.56272201162001e-05,5.9854234970365146e-05,5.9059087515961354e-05,6.383489821219004e-05,3.1861779604161926e-05,3.7233417824410095e-05],[9.330215013851831e-05,9.201536044416031e-05,9.797491728639381e-05,8.522259892155598e-05,9.256537657990973e-05,3.591061604148522e-05,4.758863041777536e-05],[0.00013359506285363573,0.00012107686756375519,0.00010917511901008981,0.0001056807358255951,0.00010892124059561725,3.515615593559005e-05,5.404517405317092e-05],[0.00011282862145931227,0.00011248642314766077,9.989231137954855e-05,0.00011012004161070851,0.00010735473890406654,3.700137374191014e-05,5.492715704896145e-05],[9.19803823341504e-05,9.189815786234862e-05,7.667031899023177e-05,8.47973039939627e-05,8.659158830668186e-05,3.7760295687885666e-05,6.440216159967419e-05],[0.00010261757117471389,8.048604081927172e-05,9.274111814293697e-05,7.625107006374823e-05,7.727401029038549e-05,3.4988101662407555e-05,5.7751049768509704e-05],[8.627800247931287e-05,7.353894718029448e-05,9.181347052757206e-05,6.787080086182209e-05,7.263150431241697e-05,3.147841265063152e-05,5.596953979879906e-05],[8.340398406378508e-05,7.792935984045574e-05,8.447291653765977e-05,7.000233485812648e-05,6.646653770204464e-05,2.9627844105672857e-05,4.9687292229602286e-05],[6.964212825880606e-05,7.257093144883345e-05,8.112388543771606e-05,8.359979401093453e-05,6.323736429648872e-05,2.969824365956385e-05,5.00372919909281e-05],[6.145500329784762e-05,7.134983403311149e-05,6.0994188658352584e-05,6.22877434039331e-05,5.329550167426258e-05,3.669256306747783e-05,5.7513835416101887e-05],[6.419529581064798e-05,6.281966675908572e-05,5.634119400166068e-05,5.255425272603534e-05,4.1409348530941415e-05,3.1526715786807575e-05,7.932243109066677e-05],[5.7072551062226665e-05,5.46673260241029e-05,5.320266473541039e-05,4.677831589975151e-05,3.7575378333389924e-05,3.799681243026859e-05,8.430206166875804e-05]],