{"iv_smiles":{"GARCH":{"1hr":[null,null,null,null,null,null,null,1.0246256103265463,1.056676611107065,1.0569509280045122,1.0577157223607128,1.0574609637347183,1.0538782493957661,1.0500146800452907,1.0593110699966908,1.0918695350114216,null,null,null,null,null],"4hr":[1.8598639859807473,1.6834132382483071,1.5079399434094325,1.3407924556829423,1.2066610678867953,1.1313151232798897,1.0942685696610608,1.078275774030424,1.0714461819255594,1.0701923666591586,1.0679638579767752,1.0651288878567342,1.0633750124900894,1.061561697738561,1.0586659974697628,1.0636057983936673,1.0692132494590434,1.0708694922531437,1.0643380954868584,1.0316362751330415,null],"1day":[0.9212495572562994,0.9732212805173606,1.000942340476641,1.017105968193881,1.0285504130266403,1.036598934294896,1.041253937212986,1.0455588358230838,1.048468511204525,1.0506938669464825,1.0523173311013083,1.053463451192717,1.0544434233852287,1.0552348207301132,1.0557685067387537,1.056564123751923,1.0567084297647704,1.0567732601542035,1.056531933802062,1.0555625372568662,1.053609387101357],"3day":[1.0409940233174872,1.0435779253757387,1.0457230182503257,1.0471067211363754,1.0481921732129353,1.0491757963618304,1.0494753228077842,1.0496470118130925,1.0498801441128347,1.0502869020414185,1.050650427288481,1.0508156000111724,1.050829593009224,1.0509718799506669,1.0515237227001168,1.0521825670171774,1.052720463572657,1.052929493097446,1.05322905636256,1.0532519357059058,1.0536859532077505],"7day":[1.0503360122295777,1.0510547938402395,1.0516997331565974,1.0521931392147705,1.052483760676847,1.0526087694796298,1.0527463686312937,1.0528924179069845,1.0529398663699938,1.0530613964806126,1.0531029097123104,1.0531839156391436,1.0532826331193403,1.0532886686722411,1.0532682475000528,1.053265127658591,1.0532015292388561,1.0531107241817494,1.0530514370306632,1.0529617142197225,1.0529300954583485],"14day":[1.058382154139655,1.0579228063570523,1.0575490225577133,1.057245125372706,1.0570614453312872,1.0568953063193616,1.05673681523039,1.0567395479455346,1.0567229219290761,1.056726966908059,1.056737311519443,1.0566579588985041,1.0565960380372907,1.0566394145073599,1.056708517698429,1.0567192864628177,1.056682117531217,1.056665708438958,1.0565837456141043,1.0564109785182252,1.056193740954664],"30day":[1.0484578620085996,1.0487407539260685,1.0490321864590229,1.0492673424577377,1.0494905620452062,1.0496846798887156,1.0498441496604578,1.0499913548322293,1.0501633235084082,1.050385170699529,1.0505969422275139,1.050777042322351,1.050914590733076,1.051057960360834,1.0512755248535375,1.051525410273266,1.0518309027713204,1.0521577880396056,1.0524486472042849,1.0526884860011765,1.05287701380781]},"Heston":{"1hr":[null,null,null,null,null,null,null,null,null,null,0.16346101209881767,null,null,null,null,null,null,null,null,null,null],"4hr":[null,null,null,null,null,null,null,0.5428292589825717,0.5496857999054738,0.4927414811081716,0.45846173758699216,0.4940866439797725,0.5623235104766212,0.6315418553560509,0.6965038196620358,0.7510801318149126,0.8180231506397636,0.880056320120415,0.949990176678314,1.012069180628603,null],"1day":[0.9062768498825841,0.8483975008473389,0.798782066348557,0.7590908148002685,0.7280415057554136,0.7035851794712281,0.6847201770114743,0.6708843379929067,0.6602789043487053,0.6534611683791107,0.6503674384391497,0.6507949229613633,0.654019776243283,0.6594609730518726,0.6674567514986299,0.6769776427399431,0.6883305510180681,0.7018390161599266,0.7183192651382847,0.7344700150205599,0.748203956501244],"3day":[0.727552249097424,0.7168957488323637,0.7089719222508734,0.7026048147176019,0.6971862981986612,0.692863989548511,0.6893686836181734,0.6865200408569401,0.6839563948559374,0.6820057205344475,0.6809004682972963,0.6807123531087894,0.6809198845502669,0.681541147375686,0.6822095458179527,0.6831533196852538,0.6845022497138765,0.6853139843295525,0.6862012673235582,0.6872481075574074,0.6886424665182818],"7day":[0.7015603021022829,0.6993992727713149,0.6972060876107274,0.6953289426885904,0.6935868743001874,0.6920273575146418,0.6908103867637462,0.6900739705888371,0.6895712800491258,0.6891905920381964,0.6888794391512831,0.6888910404021279,0.6889950392171471,0.6890370599278829,0.6889333097294527,0.6887121494831474,0.6885652155657496,0.6884361963844794,0.6883476255688198,0.6882991382461895,0.6884219433972487],"14day":[0.6875377344653926,0.68755058479566,0.6874900099292919,0.6873825281701954,0.6873411844390791,0.6873349993666589,0.6874346047434023,0.6875817504277633,0.6875864004431039,0.6875770549658802,0.6877175562537505,0.6879085422923391,0.6880332198326047,0.6881500887392803,0.6883987617041777,0.6886602910876629,0.6888338921249157,0.6890608686189851,0.6893690271588745,0.6896635705270376,0.6899072632137013],"30day":[0.6847056148477186,0.6848202849180379,0.6849244680454227,0.6849742842820965,0.6850339238486152,0.6850817457394873,0.6849946040027542,0.6849084253317291,0.6848553917740499,0.6847578883521304,0.6846538397260366,0.6845201852051124,0.684399878925427,0.6842511341576466,0.6841527557789154,0.6840955974751016,0.6840595695873979,0.6840117132201411,0.6839814471543306,0.6840464473317253,0.6842046611070353]},"Merton":{"1hr":[null,null,null,null,null,null,null,null,null,0.46658058365708543,0.4961743640867748,0.513079636498105,0.5591678417692787,null,null,null,null,null,null,null,null],"4hr":[null,null,null,null,null,null,null,null,0.3682697606327514,0.47790585016271186,0.4889651760346248,0.49333106849985475,0.49532718781392837,0.5018663235407455,0.5072700296318483,null,null,null,null,null,null],"1day":[null,null,null,null,null,0.46927923849875797,0.4849541835135703,0.4921056431746623,0.49438735996949806,0.4959483857566486,0.4966932120202667,0.49747706519282925,0.49789332779172946,0.4981349373139189,0.4979272176366256,0.4973735619222142,0.496928323429437,0.4960608324214238,0.49374790723458367,0.5005850208471976,0.4966881920470466],"3day":[null,0.37004161955018133,0.4506646308379382,0.47176783380636883,0.4810069978798819,0.48604809196678467,0.489020257984004,0.4911976134852513,0.49283254757457473,0.4940120780170206,0.4951868812444181,0.49608455946167646,0.49689181380933417,0.49747032218367354,0.498290791325349,0.4986935126247228,0.4995324930578592,0.5003674323268998,0.501338595817579,0.5010924014703139,0.5010043732524458],"7day":[0.47828298733340036,0.4834243889844458,0.4868669781071996,0.4895560341757646,0.4914310675705444,0.49289190108178677,0.4939486706739295,0.4947648052497809,0.49543623450834195,0.49602054931921646,0.49654687068059494,0.49713242216269027,0.49765854051409003,0.4979567037798549,0.4981532356778759,0.49832413707395473,0.4985765468149505,0.4987651163434014,0.499147106426584,0.4996932125139258,0.5001362737341741],"14day":[0.49425200021845134,0.49515509319052886,0.49567449436934613,0.49604636281369024,0.496389978976758,0.4967425096296141,0.4969553379822187,0.49713368051141166,0.49732207902601455,0.4974929650885863,0.49759372884016356,0.49762830827208415,0.4977293841193088,0.49793431947044225,0.49811185555712584,0.4982669250156975,0.49842509499258786,0.49842377088328493,0.4982635445344128,0.4981962546437636,0.498334729956024],"30day":[0.49401975290106087,0.4947271130484819,0.4953616805235291,0.4958448004863266,0.4962329629572211,0.4966285649627382,0.49698205101207343,0.49730214470853196,0.49750772769731455,0.49752253038187283,0.4975077425295034,0.49741983507003656,0.4973612103005276,0.49730868847143506,0.4972917230799293,0.49723586071182546,0.4971769836389806,0.49708909710076477,0.497089374423245,0.4971017727918973,0.4971471592115085]},"Bates":{"1hr":[null,null,null,null,null,null,null,null,null,null,0.2143053094901705,0.3535553748560096,0.48344888403088787,null,null,null,null,null,null,null,null],"4hr":[null,null,null,null,null,null,null,0.5614763683573092,0.5644482944719611,0.5186323068224811,0.49417552995696634,0.5198514963933836,0.5760585766120268,0.639445947554083,0.6969917568170544,0.7408257077439995,0.763778263219434,0.8110218431422217,null,null,null],