{"spot":107146.5,"risk_free_rate":0.04,"moneyness":[0.9,0.91,0.92,0.93,0.9400000000000001,0.9500000000000001,0.9600000000000001,0.9700000000000001,0.9800000000000001,0.9900000000000001,1.0,1.0100000000000002,1.02,1.0300000000000002,1.04,1.0500000000000003,1.06,1.0700000000000003,1.08,1.0900000000000003,1.1],"strikes":[96431.85,97503.315,98574.78,99646.24500000001,100717.71,101789.175,102860.64000000001,103932.10500000001,105003.57,106075.03500000002,107146.5,108217.96500000003,109289.43000000001,110360.89500000003,111432.36,112503.82500000003,113575.29000000001,114646.75500000003,115718.22,116789.68500000003,117861.15000000001],"maturities":{"1day":0.0027378507871321013,"7day":0.019164955509924708,"30day":0.08213552361396304},"parity":{"1day":{"theoretical_c_minus_p":[10725.210062409024,9653.862396435783,8582.514730462557,7511.1670644893165,6439.819398516091,5368.47173254285,4297.12406656961,3225.7764005963836,2154.4287346231577,1083.0810686499026,11.733402676691185,-1059.6142632965639,-2130.9619292697753,-3202.309595243045,-4273.657261216242,-5345.004927189497,-6416.352593162708,-7487.700259135978,-8559.047925109175,-9630.39559108243,-10701.743257055641],"mc_c_minus_p":[10729.921089357476,9658.573423384249,8587.225757411015,7515.878091437775,6444.530425464546,5373.182759491314,4301.83509351807,3230.487427544839,2159.1397615716105,1087.792095598367,16.444429625152225,-1054.903236348107,-2126.2509023213224,-3197.5985682945807,-4268.946234267782,-5340.29390024104,-6411.641566214254,-7482.989232187514,-8554.336898160715,-9625.684564133975,-10697.03223010719],"abs_violation":[4.711026948452854,4.711026948465587,4.711026948458311,4.711026948458311,4.711026948455583,4.711026948463768,4.71102694846013,4.711026948455583,4.711026948452854,4.7110269484644505,4.71102694846104,4.711026948456947,4.711026948452854,4.711026948464223,4.71102694846013,4.711026948456492,4.711026948453764,4.711026948463768,4.71102694846013,4.711026948454673,4.711026948451035],"max_violation":4.711026948465587,"mean_violation":4.711026948458214,"max_violation_pct":0.004396808993728761},"7day":{"theoretical_c_minus_p":[10788.546156649594,9717.902225056823,8647.258293464038,7576.614361871252,6505.970430278467,5435.326498685696,4364.682567092896,3294.03863550011,2223.394703907339,1152.750772314539,82.10684072178265,-988.537090871032,-2059.1810224637884,-3129.824954056603,-4200.468885649345,-5271.1128172421595,-6341.756748834916,-7412.400680427731,-8483.044612020472,-9553.688543613287,-10624.332475206043],"mc_c_minus_p":[10812.766868880643,9742.12293728786,8671.479005695082,7600.835074102292,6530.1911425095095,5459.54721091673,4388.903279323939,3318.2593477311593,2247.6154161383815,1176.9714845455892,106.3275529528255,-964.3163786399818,-2034.9603102327474,-3105.604241825557,-4176.248173418306,-5246.892105011112,-6317.536036603878,-7388.179968196686,-8458.823899789433,-9529.46783138224,-10600.111762975008],"abs_violation":[24.22071223104831,24.220712231037396,24.220712231044672,24.220712231040125,24.220712231042853,24.220712231034668,24.220712231043763,24.22071223104922,24.2207122310424,24.22071223105013,24.220712231042853,24.22071223105013,24.220712231041034,24.220712231046036,24.220712231039215,24.2207122310474,24.220712231038306,24.220712231044672,24.220712231039215,24.22071223104649,24.220712231035577],"max_violation":24.22071223105013,"mean_violation":24.22071223104307,"max_violation_pct":0.022605229504510303},"30day":{"theoretical_c_minus_p":[11030.949346951937,9962.998784140305,8895.04822132866,7827.097658516999,6759.147095705368,5691.196532893722,4623.245970082062,3555.2954072704306,2487.344844458785,1419.3942816471244,351.4437188354932,-716.5068439761671,-1784.4574067877984,-2852.4079695994733,-3920.3585324110754,-4988.30909522275,-6056.259658034382,-7124.2102208460565,-8192.160783657659,-9260.111346469334,-10328.061909280965],"mc_c_minus_p":[11134.205411133717,10066.254848322074,8998.30428551043,7930.3537226987755,6862.403159887133,5794.452597075494,4726.502034263837,3658.551471452194,2590.600908640554,1522.6503458288971,454.69978301727133,-613.2507797943981,-1681.2013426060248,-2749.1519054176943,-3817.10246822931,-4885.053031040986,-5953.003593852608,-7020.954156664279,-8088.9047194758905,-9156.855282287559,-10224.805845099188],"abs_violation":[103.25606418177995,103.25606418176903,103.25606418177085,103.25606418177631,103.2560641817654,103.25606418177176,103.2560641817754,103.25606418176358,103.25606418176903,103.25606418177267,103.25606418177813,103.25606418176903,103.25606418177358,103.25606418177904,103.2560641817654,103.25606418176449,103.25606418177358,103.25606418177722,103.25606418176812,103.25606418177449,103.25606418177631],"max_violation":103.25606418177995,"mean_violation":103.25606418177206,"max_violation_pct":0.09636905002196053}}}