{"spot":107146.5,"risk_free_rate":0.04,"moneyness":[0.9,0.91,0.92,0.93,0.9400000000000001,0.9500000000000001,0.9600000000000001,0.9700000000000001,0.9800000000000001,0.9900000000000001,1.0,1.0100000000000002,1.02,1.0300000000000002,1.04,1.0500000000000003,1.06,1.0700000000000003,1.08,1.0900000000000003,1.1],"strikes":[96431.85,97503.315,98574.78,99646.24500000001,100717.71,101789.175,102860.64000000001,103932.10500000001,105003.57,106075.03500000002,107146.5,108217.96500000003,109289.43000000001,110360.89500000003,111432.36,112503.82500000003,113575.29000000001,114646.75500000003,115718.22,116789.68500000003,117861.15000000001],"maturities":{"1hr":0.00011407711613050422,"4hr":0.0004563084645220169,"1day":0.0027378507871321013,"3day":0.008213552361396304,"7day":0.019164955509924708,"14day":0.038329911019849415,"30day":0.08213552361396304},"calls":{"1hr":[10714.176294248971,9642.716183423312,8571.25607259765,7499.795961771973,6428.335850946311,5356.87574012065,4285.415629294973,3213.9555184693104,2142.503636502362,1071.4918838883743,98.19896536344757,0.4410752634790212,0.0,0.0,0.0,0.0,0.0,0.0,0.0,0.0,0.0],"4hr":[10712.024580331037,9640.579136894521,8569.133693458005,7497.7031233350535,6426.355168744416,5355.276377381349,4285.437464995962,3219.8804118572884,2171.1263683575858,1190.5553293406365,450.3782512499797,119.9030567937755,30.53524617989077,8.187944713926411,2.3119774678263543,0.6532113757779668,0.171253259248285,0.062586791361203,0.02762132104088375,0.006192412172152849,0.0],"1day":[10736.429136046369,9670.878697104266,8610.430563908449,7558.98536818087,6523.226432791557,5512.899356888424,4543.173273620051,3634.2167329245285,2809.676016241793,2090.487795063071,1494.9888050766117,1026.6869142294163,678.6065393779556,432.7953436393054,267.7915859211659,162.23372406818416,96.45896654671868,57.18310386201915,33.667501708195694,19.60507750802906,11.284040322256178],"3day":[10911.352112459037,9906.624396443058,8925.628007505904,7974.8992266281,7061.145351185806,6190.796855379932,5372.02523215237,4610.709209758894,3913.7980353350235,3284.6354857504007,2723.9986296082293,2231.2152362681136,1805.0956276834745,1443.123554427179,1140.4861765273229,890.2401342858817,687.7611346684671,525.5432439023676,397.62223793642715,297.8065774370091,220.5643461055951],"7day":[11523.92087615939,10627.44454121718,9762.258531493253,8930.21668440135,8134.652830675092,7378.377861415281,6663.367892901993,5991.518019640809,5363.38851849731,4778.182347256124,4236.751121557058,3738.6020205262903,3283.978548018058,2871.339849997516,2497.9133379488685,2162.9249616829056,1864.6532140844304,1600.1992324116075,1366.8406148644779,1162.268350980177,983.9334645253572],"14day":[12688.366317988983,11889.791857710532,11118.740699205826,10376.558576313562,9664.048268016111,8981.408308848419,8329.648824990367,7709.41356124948,7120.271064591526,6562.17978549416,6034.119409460767,5536.321305116529,5068.973618606651,4631.78490983104,4223.054366701403,3841.451641888715,3486.7745961016226,3158.725949056897,2856.067710424717,2577.7759689555646,2322.41305326157],"30day":[14949.60381904305,14244.522571448902,13560.454644561127,12897.6272921239,12256.325608766085,11636.136341233263,11037.466603044004,10460.45907337211,9905.008382566639,9371.488563732113,8859.514601960393,8369.074587358546,7899.854603025974,7451.250976078402,7022.789158394855,6614.187047791681,6224.866032053301,5853.880567474495,5501.581674549435,5166.656585918527,4848.748967868508]},"puts":{"1hr":[0.0,0.0,0.0,0.0,0.0,0.0,0.0,0.0,0.008228858713410952,0.45658707040174107,98.62377937112265,1072.3260000968453,2143.345035659014,3214.8051464847053,4286.265257310337,5357.725368136028,6429.185478961675,7500.645589787367,8572.105700613001,9643.565811438693,10715.02592226434],"4hr":[0.0,0.0,0.0,0.01487331358102563,0.11236215945629077,0.47901423290611544,2.0855452840481234,7.973935581891993,30.66533551870503,121.5397399382864,452.80810528413105,1193.778354264472,2175.855987087089,3224.9541290576694,4290.523605248056,5360.3102825925525,6431.273767912525,7502.610544881182,8574.021022847348,9645.445037375024,10716.884288399353],"1day":[6.508046688891996,12.30527372001805,23.204806497434085,43.10727674309541,78.69600732701103,139.71659739711006,241.33818010198092,403.72930537968915,650.5362546701824,1002.6956994647041,1478.5443754514595,2081.590150577523,2804.857441699278,3630.393911933886,4536.737820188948,5502.527624309225,6508.100532760973,7540.172336049533,8588.00439986891,9645.289641642004,10708.316270429446],"3day":[143.89046856219943,210.27578901157028,300.39243653976007,420.7766921273174,578.1358531503664,778.9003938098359,1031.2418070476333,1341.0388211195018,1715.2406831609774,2157.1911700417136,2667.6673503648726,3245.9969934901305,3890.9904213708223,4600.1313845798995,5368.607043145358,6189.474037369294,7058.108074217207,7967.003219916483,8910.195250415856,9881.492626381812,10875.363431515729],"7day":[711.1540072787483,885.32160392932,1090.7795257981704,1329.381610299058,1604.461688165583,1918.8306504985503,2274.464613578054,2673.25867190965,3115.773102358928,3601.2108627105345,4130.423568604232,4702.918399166272,5318.938858250805,5976.944091823073,6674.161511367174,7409.817066694018,8182.189250688308,8988.379200608293,9825.66451465391,10691.736182362418,11584.045227500364],"14day":[1777.6969005975723,2048.9459326930646,2347.718266562302,2675.359636043993,3032.672820120487,3419.8563533267343,3837.9203618426413,4287.508590475697,4768.1895861916855,5279.921799468277,5821.684915808813,6393.710303838546,6996.186109702597,7628.820893300956,8289.913842545233,8978.134610106514,9693.281056693351,10435.055902022596,11202.221155764331,11993.752906669151,12808.213483349085],"30day":[3815.3984079093343,4178.267723126828,4562.150359050696,4967.273569425124,5393.922448878951,5841.683744157769,6310.964568780167,6801.9076019199165,7314.407473926085,7848.838217903216,8404.814818943121,8982.325367152944,9581.055945631999,10200.402881496097,10839.891626624165,11499.240078832667,12177.869625905909,12874.834724138775,13590.486394025325,14323.511868206086,15073.554812967697]},"implied_vol":{"1hr":[null,null,null,null,null,null,null,null,null,null,0.2145543503037571,0.3465726506982939,null,null,null,null,null,null,null,null,null],"4hr":[null,null,null,null,null,null,null,0.5933440142873121,0.5713371846147158,0.5193702245814987,0.49217717438933634,0.5175311570218883,0.5766507183585676,0.6407821931219222,0.7026526782703438,0.7582350159679518,0.8045622768972203,0.8650996530965012,0.9301592167304428,0.957111072787735,null],"1day":[0.8318414406306192,0.7951238396635328,0.7660282941704021,0.7424040962569414,0.7230977529842988,0.7063818011707335,0.6924908763648002,0.6815273081313358,0.6736559501389597,0.668074768567573,0.6658569965429765,0.6661520535885778,0.6690008050214019,0.6737912999857715,0.6805165787303099,0.6895295407273772,0.6997700232362676,0.7123849787552644,0.7257315456663286,0.7388659077254037,0.7515531278836373],"3day":[0.7375969320591392,0.7298231058323247,0.7231075447389643,0.7174857368006398,0.7127270373486144,0.7084739368375093,0.7051106012705889,0.7023459666080989,0.7005636480952511,0.6995174889042697,0.6988380854613699,0.6983086921554497,0.6980417743767138,0.6982424609123138,0.698889672855072,0.6995853885541955,0.700842909903108,0.702300707649284,0.7040703803668745,0.7059760854999081,0.7077598353929466],"7day":[0.7172114758439002,0.7156767680139844,0.7144462098984131,0.7132308162893439,0.7121918513993535,0.7113959975052708,0.7108062327843445,0.710458361027227,0.7102362626044237,0.7098938551067809,0.7095614692513599,0.7092115117304606,0.7090158507805474,0.7089177069858924,0.7087052530263495,0.7085667948008451,0.7085841481568781,0.7086561878321299,0.7087262782768597,0.7088353869061506,0.7089800016425323],