{"spot":107146.5,"risk_free_rate":0.04,"moneyness":[0.9,0.91,0.92,0.93,0.9400000000000001,0.9500000000000001,0.9600000000000001,0.9700000000000001,0.9800000000000001,0.9900000000000001,1.0,1.0100000000000002,1.02,1.0300000000000002,1.04,1.0500000000000003,1.06,1.0700000000000003,1.08,1.0900000000000003,1.1],"strikes":[96431.85,97503.315,98574.78,99646.24500000001,100717.71,101789.175,102860.64000000001,103932.10500000001,105003.57,106075.03500000002,107146.5,108217.96500000003,109289.43000000001,110360.89500000003,111432.36,112503.82500000003,113575.29000000001,114646.75500000003,115718.22,116789.68500000003,117861.15000000001],"maturities":{"1day":0.0027378507871321013,"7day":0.019164955509924708,"30day":0.08213552361396304},"param_values":{"xi":123.73952006280835,"rho":-0.022542414425650446,"lambda":2070.4226519337017},"smile_risk":{"1day":{"xi":{"bump_abs":1.2373952006280835,"bump_rel_pct":1.0,"call_sens_per_unit":[0.2714559170155508,0.4194462097241,0.5992642705164078,0.8976776694705236,1.292453961191254,1.8036590325035922,2.4020629101795867,3.0659580316541866,3.6882940916335953,4.0936704345217265,4.266785126419266,4.1048687953410266,3.713482623197469,3.159435293501541,2.5934683727549706,1.9962724765754833,1.447774922722899,1.0003410136741466,0.6743265249242774,0.4671091320477793,0.317606620794731],"put_sens_per_unit":[0.16457319309449714,0.3125634858019127,0.4923815465952261,0.7907949455480097,1.1855712372696674,1.696776308582109,2.2951801862582295,2.9590753077327148,3.581411367711871,3.9867877106004155,4.159902402497587,3.99798607141944,3.6065998992758828,3.0525525695799773,2.4865856488336138,1.8893897526543333,1.3408921988008817,0.8934582897521036,0.5674438010030582,0.36022640812607215,0.2107238968731997],"iv_base":[95.3878542856501,88.8915536738983,83.3150773394402,78.85288346057037,75.37869802382787,72.74084197175638,70.69814084950303,69.17196801396128,68.14569954399803,67.57423541406474,67.28438298221812,67.27362013514679,67.49326900990232,68.03636361653447,68.76591232156109,69.6814021025699,70.68547278159642,71.78213772360515,73.18859817860903,74.60634741599034,75.85055193182754],"iv_up":[95.52921811950183,89.0789389807769,83.52786635304705,79.09368046607496,75.62941255237648,72.9927824252854,70.94665805287562,69.41786004584219,68.38874633654619,67.81304358841048,67.52159235786453,67.51155893204917,67.7343146428269,68.28196006699272,69.02357407623828,69.9468025199769,70.95377115885452,72.05097086543226,73.45622299812975,74.88379455435734,76.14624543587055],"iv_dn":[95.23378174390335,88.69684447140436,83.0950028455979,78.6075015088534,75.12211597478475,72.48294060572529,70.44620694649488,68.92568613179158,67.90377408809456,67.33851668885536,67.04937774292003,67.04150765187916,67.25894065431616,67.79687859542759,68.51547816357166,69.4210990613629,70.41794391017297,71.51162914055884,72.91827370066461,74.32092303943676,75.55098081889594]},"rho":{"bump_abs":0.005,"bump_rel_pct":null,"call_sens_per_unit":[-54.45356185628043,-67.93982431790937,-84.21735185202124,-105.98526361536642,-137.23779616047977,-173.26436087832917,-189.5894922046864,-181.19650465969244,-149.69949591159093,-100.06348167135002,-16.52416695003467,53.67900883995844,101.25182786347295,147.68262562688506,148.62442876071782,142.00633995262422,125.63636594009182,101.79379594873623,77.31759519750199,54.465151608996365,35.744456607475605],"put_sens_per_unit":[-17.379720405425747,-30.865982866857955,-47.14351040117322,-68.91142216440969,-100.16395470965875,-136.1905194273561,-152.5156507539549,-144.12266320867957,-112.62565446066901,-62.98964022041673,20.54967450087588,90.7528502909372,138.3256693144176,184.75646707793203,185.69827021156016,179.08018140360582,162.71020739122832,138.86763739956223,114.39143664847506,91.53899306002131,72.81829805833695],"iv_base":[95.3878542856501,88.8915536738983,83.3150773394402,78.85288346057037,75.37869802382787,72.74084197175638,70.69814084950303,69.17196801396128,68.14569954399803,67.57423541406474,67.28438298221812,67.27362013514679,67.49326900990232,68.03636361653447,68.76591232156109,69.6814021025699,70.68547278159642,71.78213772360515,73.18859817860903,74.60634741599034,75.85055193182754],"iv_up":[95.3037956630389,88.79814410921833,83.21716605538721,78.75605396848502,75.280360465121,72.65075499162734,70.62671131603605,69.12000800451747,68.11131617572751,67.55471048883821,67.28293590393312,67.2886142077318,67.52272424560218,68.08670558090839,68.83030804789588,69.75999660873875,70.7804780538077,71.89336694566269,73.31138488059378,74.7356614730226,75.98734411220609],"iv_dn":[95.54279883046306,89.04781927152231,83.46266649476989,78.98780328543079,75.49792643164967,72.84859840184038,70.7862902848804,69.23753321808216,68.1908519512171,67.60157927261416,67.2903254847797,67.26377647250149,67.47034998477972,67.99508598926349,68.7126558685765,69.60889022823503,70.59259415883169,71.67161051969167,73.06214031920793,74.47047068003974,75.71670382546436]},"lambda":{"bump_abs":20.704226519337016,"bump_rel_pct":1.0,"call_sens_per_unit":[-0.39122916702191424,-0.3913599624295734,-0.3877674035974153,-0.3772324990190463,-0.3737888199218277,-0.3678860721066496,-0.33434551263008433,-0.22081791519552738,-0.07867962151398289,0.05285025030218255,0.20773096691834161,0.2527277828008231,0.22019115772477568,0.18032407388681837,0.12381225105173022,0.07356064674113487,0.047765488959234104,0.01733525878450391,0.004954873532267487,-0.008207733513991317,-0.0101109990451007],"put_sens_per_unit":[-0.03735218174685404,-0.03748297715434036,-0.03389041832218121,-0.023355513743869714,-0.01991183464663176,-0.014009086831444683,0.01953147264508422,0.1330590700796638,0.2751973637611877,0.40672723557737783,0.5616079521935397,0.6066047680760046,0.574068142999938,0.5342010591620109,0.4776892363269132,0.4274376320163041,0.40164247423443455,0.37121224405969716,0.3588318588074096,0.34566925176115076,0.34376598623010335],"iv_base":[95.3878542856501,88.8915536738983,83.3150773394402,78.85288346057037,75.37869802382787,72.74084197175638,70.69814084950303,69.17196801396128,68.14569954399803,67.57423541406474,67.28438298221812,67.27362013514679,67.49326900990232,68.03636361653447,68.76591232156109,69.6814021025699,70.68547278159642,71.78213772360515,73.18859817860903,74.60634741599034,75.85055193182754],"iv_up":[87.07064517437567,82.47327704903287,78.74701405501604,75.89304891084592,73.53810830012362,71.6510556604923,70.1849778643298,69.11483469667493,68.28984735586442,67.68770656926611,67.42616131554733,67.37331847450743,67.56594460647302,68.05796651029507,68.80117860955951,69.69276718924537,70.66137807928777,71.68396622375897,72.73325007934379,73.8885397857724,75.18881098285289],"iv_dn":[95.73170490505123,89.3579678570978,83.8786234510779,79.47560949181967,76.04125060790471,73.4004405407379,71.34910894057396,69.70649716185848,68.46276153745367,67.58520904970527,67.04148949090391,66.88900915225446,67.0939480412045,67.59372262318405,68.39411235688051,69.36735731660704,70.363780548501,71.52632959967545,72.66529268259492,74.0610279888542,75.51815519707287]}},"7day":{"xi":{"bump_abs":1.2373952006280835,"bump_rel_pct":1.0,"call_sens_per_unit":[6.63073082206895,7.547795763974543,8.39720463567309,9.270445062326246,10.059249369662604,10.883800027024687,11.534399276420839,12.104367498560398,12.416613489555056,12.670823793002857,12.836616465104264,12.878387625520482,12.766956006623563,12.49538506720722,12.21150378825229,11.781930992358467,11.328697700704906,10.744372784931333,9.967734902502086,9.177472497055623,8.528374782700688],"put_sens_per_unit":[6.960717744718328,7.877782686623186,8.727191558322605,9.600431984975486,10.38923629231258,11.213786949674295,11.864386199069436,12.434354421209363,12.74660041220494,13.000810715652557,13.16660338775433,13.208374548170365,13.096942929273078,12.825371989857288,12.541490710901806,12.111917915007615,11.658684623354606,11.074359707579562,10.297721825152335,9.507459419704679,8.85836170535002],