{"perp_greeks":{"delta":4.039999999999998,"gamma":0.0,"vega":0.0,"theta":0.0},"option_greeks":{"delta":6.350136336686561,"gamma":-0.0008735519778630669,"vega":-7187.824613066762,"theta":3322.9597412556905},"combined_greeks":{"delta":10.39013633668656,"gamma":-0.0008735519778630669,"vega":-7187.824613066762,"theta":3322.9597412556905},"perp_hedge":{"spot_btc":4.04,"opt_a_qty":0.0,"opt_b_qty":0.0,"total_notional":4.04},"option_hedge":{"spot_btc":33.974,"opt_a_qty":15.7854,"opt_b_qty":66.5884,"total_notional":116.3479},"combined_hedge":{"spot_btc":38.014,"opt_a_qty":15.7854,"opt_b_qty":66.5884,"total_notional":120.3879},"separate_total_notional":120.3879,"netting_saving":0.0,"netting_saving_pct":0.0,"var_comparison":{"perp":{"var_95":-18752.17832270814,"var_99":-26963.599665648628,"cvar_99":-31174.163092772054,"std":11460.321064271766},"option":{"var_95":-45747.72699389376,"var_99":-70524.32378038108,"cvar_99":-85359.3522626485,"std":25966.74247318863},"combined":{"var_95":-61371.71331217249,"var_99":-94681.98763865406,"cvar_99":-114167.66521746706,"std":34939.55435465871},"separate_var99_sum":97487.9234460297,"combined_var99":94681.98763865406,"diversification_benefit_usd":2805.935807375645,"diversification_benefit_pct":2.8782393841110374}}